repo_name,easy_file,hard_file
helm/helm,internal/experimental/registry/registry_client.go,internal/experimental/pusher/ocipusher.go
luci/luci-go,cv/internal/prjmanager/manager/pm.go,cv/internal/prjmanager/runcreator/run.go
luci/luci-go,cv/internal/prjmanager/manager/pm.go,cv/internal/prjmanager/state/state.go
luci/luci-go,cv/internal/prjmanager/manager/pm.go,cv/internal/prjmanager/state/components.go
luci/luci-go,cv/internal/prjmanager/manager/pm.go,cv/internal/prjmanager/clpurger/clpurger.go
luci/luci-go,cv/internal/prjmanager/manager/pm.go,cv/internal/gerrit/mirror.go
luci/luci-go,cv/internal/prjmanager/manager/pm.go,cv/internal/admin/server.go
luci/luci-go,cv/internal/prjmanager/manager/pm.go,cv/internal/migration/cqdfake/cqd.go
luci/luci-go,cv/internal/prjmanager/manager/pm.go,cv/internal/usertext/cl_error.go
luci/luci-go,cv/internal/prjmanager/manager/pm.go,cv/internal/admin/api/pb.discovery.go
luci/luci-go,cv/internal/prjmanager/manager/pm.go,cv/internal/gerrit/updater/fetcher.go
luci/luci-go,cv/internal/prjmanager/manager/pm.go,cv/internal/admin/api/admin.pb.go
luci/luci-go,cv/internal/prjmanager/manager/pm.go,cv/internal/changelist/mutator.go
luci/luci-go,cv/internal/prjmanager/manager/pm.go,cv/internal/common/eventbox/box.go
luci/luci-go,cv/internal/prjmanager/manager/pm.go,cv/internal/run/notify.go
gohugoio/hugo,common/hugo/version_current.go,langs/language.go
Jeffail/benthos,public/x/service/message.go,internal/docs/yaml.go
Jeffail/benthos,public/x/service/config_bloblang.go,internal/docs/yaml.go
Jeffail/benthos,public/x/service/config.go,internal/docs/yaml.go
Jeffail/benthos,public/x/service/plugins.go,internal/docs/yaml.go
hashicorp/consul,agent/consul/config.go,agent/consul/internal_endpoint.go
nimona/go-nimona,cmd/sonar/main.go,pkg/object/signature.go
nimona/go-nimona,pkg/crypto/ed25519.go,pkg/object/marshal.go
nimona/go-nimona,pkg/crypto/ed25519.go,pkg/object/object.go
nimona/go-nimona,pkg/crypto/ed25519.go,pkg/object/unmarshal.go
nimona/go-nimona,pkg/object/certificate_generated.go,pkg/object/signature.go
hajimehoshi/ebiten,audio/internal/readerdriver/driver_unix.go,internal/atlas/image.go
hajimehoshi/ebiten,examples/flappy/main.go,internal/glfw/glfw_notwindows.go
hajimehoshi/ebiten,inpututil/inpututil.go,internal/glfw/glfw_notwindows.go
hajimehoshi/ebiten,audio/internal/readerdriver/driver_unix.go,audio/internal/readerdriver/driver_darwin.go
hajimehoshi/ebiten,examples/vector/main.go,internal/uidriver/glfw/ui.go
hajimehoshi/ebiten,inpututil/inpututil.go,internal/glfw/glfw_windows.go
hajimehoshi/ebiten,examples/flappy/main.go,internal/glfw/glfw_windows.go
hajimehoshi/ebiten,audio/internal/readerdriver/driver_unix.go,audio/internal/readerdriver/player_unix.go
hajimehoshi/ebiten,examples/vector/main.go,cmd/ebitenmobile/gomobile.go
hajimehoshi/ebiten,internal/graphicsdriver/opengl/image.go,internal/glfw/glfw_windows.go
hajimehoshi/ebiten,internal/graphicsdriver/opengl/image.go,internal/glfw/glfw_notwindows.go
rkoesters/xkcd-gtk,cmd/xkcd-gtk/style.go,cmd/xkcd-gtk/settings.go
rkoesters/xkcd-gtk,cmd/xkcd-gtk/main.go,cmd/xkcd-gtk/settings.go
sacloud/libsacloud,v2/version.go,v2/sacloud/naked/proxylb.go
sacloud/libsacloud,v2/version.go,v2/internal/define/proxylb.go
sacloud/libsacloud,v2/version.go,v2/sacloud/naked/vpc_router.go
sacloud/libsacloud,v2/version.go,v2/helper/service/proxylb/update_request.go
sacloud/libsacloud,v2/version.go,v2/internal/define/fields.go
sacloud/libsacloud,v2/version.go,v2/internal/define/models.go
sacloud/libsacloud,v2/version.go,v2/sacloud/zz_models.go
sacloud/libsacloud,v2/version.go,v2/helper/service/proxylb/create_request.go
estafette/estafette-ci-api,services/estafette/metrics.go,services/bitbucket/transport.go
estafette/estafette-ci-api,services/estafette/logging.go,services/bitbucket/transport.go
estafette/estafette-ci-api,services/github/service.go,services/bitbucket/transport.go
estafette/estafette-ci-api,services/github/service.go,services/github/transport.go
estafette/estafette-ci-api,services/estafette/tracing.go,services/bitbucket/transport.go
estafette/estafette-ci-api,services/bitbucket/service.go,services/bitbucket/transport.go
estafette/estafette-ci-api,services/estafette/metrics.go,services/github/transport.go
estafette/estafette-ci-api,services/estafette/tracing.go,services/github/transport.go
estafette/estafette-ci-api,services/estafette/mock.go,services/github/transport.go
estafette/estafette-ci-api,services/bitbucket/service.go,services/github/transport.go
estafette/estafette-ci-api,services/estafette/logging.go,services/github/transport.go
estafette/estafette-ci-api,services/estafette/mock.go,services/bitbucket/transport.go
jcmoraisjr/haproxy-ingress,pkg/converters/types/interfaces.go,pkg/controller/cache.go
jcmoraisjr/haproxy-ingress,pkg/converters/ingress/annotations/global.go,pkg/controller/cache.go
jcmoraisjr/haproxy-ingress,pkg/converters/ingress/annotations/global.go,pkg/converters/ingress/utils/utils.go
jcmoraisjr/haproxy-ingress,pkg/converters/ingress/annotations/global.go,pkg/haproxy/dynupdate.go
jcmoraisjr/haproxy-ingress,pkg/converters/types/interfaces.go,pkg/haproxy/dynupdate.go
jcmoraisjr/haproxy-ingress,pkg/converters/types/interfaces.go,pkg/converters/ingress/annotations/backend.go
jcmoraisjr/haproxy-ingress,pkg/converters/ingress/annotations/global.go,pkg/converters/ingress/annotations/backend.go
jcmoraisjr/haproxy-ingress,pkg/converters/types/interfaces.go,pkg/converters/ingress/utils/utils.go
estafette/estafette-ci-builder,pkg/builder/docker_runner.go,builder/pipeline_runner.go
sacloud/terraform-provider-sakuracloud,vendor/github.com/sacloud/libsacloud/v2/sacloud/ostype/archive_ostype.go,sakuracloud/structure_vpc_router.go
sacloud/terraform-provider-sakuracloud,vendor/github.com/sacloud/libsacloud/v2/sacloud/zz_models.go,sakuracloud/structure_vpc_router.go
sacloud/terraform-provider-sakuracloud,vendor/github.com/sacloud/libsacloud/v2/version.go,sakuracloud/structure_vpc_router.go
sacloud/terraform-provider-sakuracloud,sakuracloud/resource_sakuracloud_proxylb.go,sakuracloud/structure_vpc_router.go
sacloud/terraform-provider-sakuracloud,sakuracloud/version.go,sakuracloud/data_source_sakuracloud_vpc_router.go
sacloud/terraform-provider-sakuracloud,sakuracloud/version.go,sakuracloud/resource_sakuracloud_vpc_router.go
rkoval/alfred-aws-console-services-workflow,searchers/sns_subscriptions.go,generators/searcher/main.go
rkoval/alfred-aws-console-services-workflow,searchers/sns_topics.go,generators/searcher/main.go
